{
  "id": "fc4944f9-ee45-4dff-907f-95d7264814f8",
  "name": "details",
  "isOverridable": true,
  "entries": [
    {
      "value": "cyclone debbie",
      "synonyms": [
        "cyclone debbie",
        "cyclone",
        "debbie",
        "dwayne",
        "norton"
      ]
    },
    {
      "value": "one nation",
      "synonyms": [
        "one nation",
        "strike",
        "sugar",
        "farmers",
        "growers"
      ]
    },
    {
      "value": "disabled people",
      "synonyms": [
        "abuse",
        "neglect",
        "disabled people",
        "disabled",
        "four corners",
        "high profile"
      ]
    },
    {
      "value": "flouride",
      "synonyms": [
        "flouride",
        "controversial",
        "calcium",
        "television chef",
        "calcium",
        "sun screen",
        "pete evans",
        "celebrity chef"
      ]
    },
    {
      "value": "frenzal rhomb",
      "synonyms": [
        "frenzal rhomb",
        "punk",
        "band",
        "album",
        "high vis high tea",
        "high vis",
        "high tea",
        "frenzal",
        "rhomb"
      ]
    }
  ],
  "isEnum": false,
  "automatedExpansion": true
}